{
  "project_info": {
    "project_number": "1043293777445",
    "project_id": "linkbuddy12",
    "storage_bucket": "linkbuddy12.appspot.com"
  },
  "client": [
    {
      "client_info": {
        "mobilesdk_app_id": "1:1043293777445:android:6bd2af533798bde6b8d9cc",
        "android_client_info": {
          "package_name": "com.example.link_buddy"
        }
      },
      "oauth_client": [
        {
          "client_id": "1043293777445-ps51kimadsumg4p6cggak1eo10cvsmq7.apps.googleusercontent.com",
          "client_type": 1,
          "android_info": {
            "package_name": "com.example.link_buddy",
            "certificate_hash": "bc52c20cec645396b01ed051e33152cc63cbbc5a"
          }
        },
        {
          "client_id": "1043293777445-ga18cti6sl8hks8okqorjeo3v9l3fnjd.apps.googleusercontent.com",
          "client_type": 3
        }
      ],
      "api_key": [
        {
          "current_key": "AIzaSyB1J5abpfSm_HDGPgWvzHcrOsheY39qemo"
        }
      ],
      "services": {
        "appinvite_service": {
          "other_platform_oauth_client": [
            {
              "client_id": "1043293777445-ga18cti6sl8hks8okqorjeo3v9l3fnjd.apps.googleusercontent.com",
              "client_type": 3
            },
            {
              "client_id": "1043293777445-dokdh6o548sgjovq0ra8i3s8bkvf7r8r.apps.googleusercontent.com",
              "client_type": 2,
              "ios_info": {
                "bundle_id": "com.example.linkBuddy"
              }
            }
          ]
        }
      }
    }
  ],
  "configuration_version": "1"
}